<?xml version="1.0" encoding="UTF-8"?>
<beans xmlns="http://www.springframework.org/schema/beans"
	xmlns:xsi="http://www.w3.org/2001/XMLSchema-instance" xmlns:context="http://www.springframework.org/schema/context"
	xmlns:p="http://www.springframework.org/schema/p"
	xsi:schemaLocation="http://www.springframework.org/schema/beans
http://www.springframework.org/schema/beans/spring-beans.xsd
http://www.springframework.org/schema/context
http://www.springframework.org/schema/context/spring-context.xsd">

<bean class = "com.mou.sprincores.constructor_injection.Certi" name ="cer">
<constructor-arg value ="java"></constructor-arg>
</bean>



<bean class = "com.mou.sprincores.constructor_injection.Person" name = "Person">
<constructor-arg value = "Moupali"/>
<constructor-arg value ="123"/>
<constructor-arg ref ="cer"/>
</bean>

<bean class ="com.mou.sprincores.constructor_injection.Addition" name = "add" >
<constructor-arg value ="12"/>
<constructor-arg value ="34"/>

</bean>

</beans>