<?xml version="1.0" encoding="UTF-8"?>
<beans xmlns="http://www.springframework.org/schema/beans"
	xmlns:xsi="http://www.w3.org/2001/XMLSchema-instance" xmlns:context="http://www.springframework.org/schema/context"
	xmlns:p="http://www.springframework.org/schema/p"
	xsi:schemaLocation="http://www.springframework.org/schema/beans
http://www.springframework.org/schema/beans/spring-beans.xsd
http://www.springframework.org/schema/context
http://www.springframework.org/schema/context/spring-context.xsd">
<bean id = "stu" class = "com.mou.sprincores.e3.Student">
<constructor-arg value ="1" type = "int"></constructor-arg>
<constructor-arg value = "ABC"></constructor-arg>
<constructor-arg>
<list>
<value>History</value>
<value>English</value>

</list>
</constructor-arg>
</bean>
</beans>