<beans xmlns="http://www.springframework.org/schema/beans"

	xmlns:xsi="http://www.w3.org/2001/XMLSchema-instance" xmlns:context="http://www.springframework.org/schema/context"

	xmlns:p="http://www.springframework.org/schema/p"

	xsi:schemaLocation="http://www.springframework.org/schema/beans
http://www.springframework.org/schema/beans/spring-beans.xsd
http://www.springframework.org/schema/context
http://www.springframework.org/schema/context/spring-context.xsd">
<bean id="edu" class="com.mou.sprincores.e2.Education">
<constructor-arg value="BE"/>
<constructor-arg value="Computer Science and Engineering"/>
<constructor-arg value="4"/>
</bean>
<bean id="stu" class="com.mou.sprincores.e2.Student">
<constructor-arg value="1" />
<constructor-arg value="Ankit Tripathi"/>
<constructor-arg ref="edu"/>
</bean>

</beans>