<beans xmlns="http://www.springframework.org/schema/beans"

	xmlns:xsi="http://www.w3.org/2001/XMLSchema-instance" xmlns:context="http://www.springframework.org/schema/context"

	xmlns:p="http://www.springframework.org/schema/p"

	xsi:schemaLocation="http://www.springframework.org/schema/beans
http://www.springframework.org/schema/beans/spring-beans.xsd
http://www.springframework.org/schema/context
http://www.springframework.org/schema/context/spring-context.xsd">
<bean class ="com.mou.sprincores.autowire.Address" name ="address">
<property name ="street" value ="Temp Street"/>
<property name ="city" value ="Delhi"/>
</bean>

<bean class ="com.mou.sprincores.autowire.Address" name ="address2">
<property name ="street" value ="second Street"/>
<property name ="city" value ="kolkata"/>
</bean>

<bean class ="com.mou.sprincores.autowire.Emp" name ="emp1" autowire ="constructor"/>




</beans>