<?xml version="1.0" encoding="UTF-8"?>
<beans xmlns="http://www.springframework.org/schema/beans"
	xmlns:xsi="http://www.w3.org/2001/XMLSchema-instance" xmlns:context="http://www.springframework.org/schema/context"
	xmlns:p="http://www.springframework.org/schema/p"
	xsi:schemaLocation="http://www.springframework.org/schema/beans
http://www.springframework.org/schema/beans/spring-beans.xsd
http://www.springframework.org/schema/context
http://www.springframework.org/schema/context/spring-context.xsd">
<bean id = "emp1" class = "com.mou.sprincores.collection.Emp">
<property name ="name" value ="ABCD"></property>
<property  name ="phones">
<list>
<value>12345</value>
<value>67859</value>
<value>10789</value>
<value>56783</value>
</list>



</property>

<property name ="addresses">
<set>
<value>kolkata</value>
<value>Delhi</value>
<value>Pune</value>
</set>
</property>

<property name ="courses">
<map>
<entry key ="java" value ="2 months"/>
<entry key ="python" value ="1 months"/>
<entry key ="ML" value ="4 months"/>


</map>
</property>


</bean>
</beans>