<?xml version="1.0" encoding="UTF-8"?>
<beans xmlns="http://www.springframework.org/schema/beans"
    xmlns:xsi="http://www.w3.org/2001/XMLSchema-instance"
    xsi:schemaLocation="http://www.springframework.org/schema/beans
https://www.springframework.org/schema/beans/spring-beans.xsd">
<bean id="dateFormat" class="java.text.SimpleDateFormat">
	        <constructor-arg value="yyyy-MM-dd" />
	    </bean>
		<bean id="departmentBean" class="com.cognizant.springlearn.bean.springlearn3.Department">
		        <property name="id" value="1" />
	        	<property name="name" value="Payroll" />
	    </bean>
       <bean id="employee" class="com.cognizant.springlearn.bean.springlearn3.Department" >       
        <property name="id" value="100" />
        <property name="name" value="ABCD" />
        <property name="salary" value="90000" />
        <property name="permanent" value="true" />        
       <property name="dateOfBirth">
            <bean factory-bean="dateFormat" factory-method="parse">
                <constructor-arg value="2009-01-28" />
            </bean>
        </property>
        <property name="department" ref="departmentBean" />
    </bean> 



</beans>