<?xml version="1.0" encoding="UTF-8"?>
<beans xmlns="http://www.springframework.org/schema/beans"
	xmlns:xsi="http://www.w3.org/2001/XMLSchema-instance" xmlns:context="http://www.springframework.org/schema/context"
	xmlns:p="http://www.springframework.org/schema/p"
	xmlns:util="http://www.springframework.org/schema/util"
	xsi:schemaLocation="http://www.springframework.org/schema/beans
http://www.springframework.org/schema/beans/spring-beans.xsd
http://www.springframework.org/schema/context
http://www.springframework.org/schema/context/spring-context.xsd 
http://www.springframework.org/schema/util
http://www.springframework.org/schema/util/spring-util.xsd">

<!--standalone list-->
<util:list list-class ="java.util.LinkedList" id ="mybestfriends">
<value>abcd</value>
<value>mnop</value>
<value>abcdef</value>

</util:list>

<!-- Standalone Map -->
<util:map map-class ="java.util.TreeMap" id ="fees">
<entry key ="Spring Framework" value ="8000"/>
<entry key ="Django Framework" value ="9000"/>
<entry key ="Hibernet Framework" value ="5000"/>
</util:map>

<!-- Stanalone Properties -->
<util:properties id ="dbconfig">
<prop key ="driver" >com.mysql.jdbc.Driver</prop>
<prop key ="username" >mou</prop>
<prop key ="password">aaaaa</prop>

</util:properties>




<bean class ="com.mou.sprincores.standalonecollection.Person" name ="person1">
<property name = "friends" ref ="mybestfriends"/>
<property name = "feesstructure" ref ="fees"/>
<property name ="properties" ref ="dbconfig"></property>

</bean>
</beans>