<?xml version="1.0" encoding="UTF-8"?>
<beans xmlns="http://www.springframework.org/schema/beans"
	xmlns:xsi="http://www.w3.org/2001/XMLSchema-instance" xmlns:context="http://www.springframework.org/schema/context"
	xmlns:p="http://www.springframework.org/schema/p"
	xsi:schemaLocation="http://www.springframework.org/schema/beans
http://www.springframework.org/schema/beans/spring-beans.xsd
http://www.springframework.org/schema/context
http://www.springframework.org/schema/context/spring-context.xsd">
<bean id = "e1" class = "com.mou.sprincores.e5.Education">
<property name ="degree"  value = "UG"></property>
<property name ="course"  value = "CSE"></property>
<property name ="Subject"  value = "DBMS"></property>
</bean>

<bean id = "stu" class = "com.mou.sprincores.e5.Student">
<property name ="id">
<value>1</value>
</property>

<property name ="name">
<value>ABCDEF</value>
</property>

<property name ="Education" ref = "e1"></property>

</bean>

</beans>