<beans xmlns="http://www.springframework.org/schema/beans"

	xmlns:xsi="http://www.w3.org/2001/XMLSchema-instance" xmlns:context="http://www.springframework.org/schema/context"

	xmlns:p="http://www.springframework.org/schema/p"

	xsi:schemaLocation="http://www.springframework.org/schema/beans
http://www.springframework.org/schema/beans/spring-beans.xsd
http://www.springframework.org/schema/context
http://www.springframework.org/schema/context/spring-context.xsd">
<context:annotation-config>
</context:annotation-config>



<bean class ="com.mou.sprincores.autowire.annotation.Address" name ="temp1">
<property name ="street" value ="Temp Street"/>
<property name ="city" value ="Delhi"/>
</bean>

<bean class ="com.mou.sprincores.autowire.annotation.Address" name ="temp2">
<property name ="street" value ="2nd Street"/>
<property name ="city" value ="Kolkata"/>
</bean>



<bean class ="com.mou.sprincores.autowire.annotation.Emp" name ="emp1"/>




</beans>